{"isStage":false,"name":"A","variables":{},"lists":{},"broadcasts":{},"blocks":{},"comments":{},"currentCostume":0,"costumes":[{"name":"A","bitmapResolution":1,"dataFormat":"svg","assetId":"03c629e3a32e7fcd5143f63bc5fdaa19","md5ext":"03c629e3a32e7fcd5143f63bc5fdaa19.svg","rotationCenterX":34.49999999999997,"rotationCenterY":35.67847499999999}],"sounds":[{"name":"pop","assetId":"83a9787d4cb6f3b7632b4ddfebf74367","dataFormat":"wav","format":"","rate":48000,"sampleCount":1123,"md5ext":"83a9787d4cb6f3b7632b4ddfebf74367.wav"}],"volume":100,"visible":false,"x":-180,"y":90,"size":100,"direction":90,"draggable":false,"rotationStyle":"all around"}