{"isStage":false,"name":"B","variables":{},"lists":{},"broadcasts":{},"blocks":{},"comments":{},"currentCostume":0,"costumes":[{"name":"B","bitmapResolution":1,"dataFormat":"svg","assetId":"fcbf3936db944fecb933ab7978c4cf02","md5ext":"fcbf3936db944fecb933ab7978c4cf02.svg","rotationCenterX":34.32479999999998,"rotationCenterY":33.00009}],"sounds":[{"name":"pop","assetId":"83a9787d4cb6f3b7632b4ddfebf74367","dataFormat":"wav","format":"","rate":48000,"sampleCount":1123,"md5ext":"83a9787d4cb6f3b7632b4ddfebf74367.wav"}],"volume":100,"visible":false,"x":-180,"y":10,"size":100,"direction":90,"draggable":false,"rotationStyle":"all around"}