{"isStage":false,"name":"History","variables":{},"lists":{},"broadcasts":{},"blocks":{},"comments":{},"currentCostume":0,"costumes":[{"name":"parchment","bitmapResolution":1,"dataFormat":"svg","assetId":"82a8c9a941f910f0ddd474ed605e5065","md5ext":"82a8c9a941f910f0ddd474ed605e5065.svg","rotationCenterX":119.5,"rotationCenterY":128}],"sounds":[{"name":"Pop","assetId":"83a9787d4cb6f3b7632b4ddfebf74367","dataFormat":"wav","rate":48000,"sampleCount":1123,"md5ext":"83a9787d4cb6f3b7632b4ddfebf74367.wav"}],"volume":50,"visible":false,"x":100,"y":0,"size":30,"direction":90,"draggable":false,"rotationStyle":"all around"}