{"isStage":false,"name":"Play","variables":{},"lists":{},"broadcasts":{},"blocks":{},"comments":{},"currentCostume":0,"costumes":[{"name":"play","bitmapResolution":2,"dataFormat":"png","assetId":"96585a190db68fe31396577786ef174b","md5ext":"96585a190db68fe31396577786ef174b.png","rotationCenterX":256,"rotationCenterY":256}],"sounds":[{"name":"Pop","assetId":"83a9787d4cb6f3b7632b4ddfebf74367","dataFormat":"wav","rate":48000,"sampleCount":1123,"md5ext":"83a9787d4cb6f3b7632b4ddfebf74367.wav"}],"volume":50,"visible":false,"x":0,"y":0,"size":30,"direction":90,"draggable":false,"rotationStyle":"all around"}