{"isStage":false,"name":"D","variables":{},"lists":{},"broadcasts":{},"blocks":{},"comments":{},"currentCostume":0,"costumes":[{"name":"D","bitmapResolution":1,"dataFormat":"svg","assetId":"0005139c55ad7ae7d9fd5cc6d79bf998","md5ext":"0005139c55ad7ae7d9fd5cc6d79bf998.svg","rotationCenterX":35.53726627868855,"rotationCenterY":40.46017499999999}],"sounds":[{"name":"pop","assetId":"83a9787d4cb6f3b7632b4ddfebf74367","dataFormat":"wav","format":"","rate":48000,"sampleCount":1123,"md5ext":"83a9787d4cb6f3b7632b4ddfebf74367.wav"}],"volume":100,"visible":false,"x":-180,"y":-140,"size":100,"direction":90,"draggable":false,"rotationStyle":"all around"}