{"isStage":false,"name":"Result","variables":{},"lists":{},"broadcasts":{},"blocks":{},"comments":{},"currentCostume":1,"costumes":[{"name":"Incorrect!","bitmapResolution":1,"dataFormat":"svg","assetId":"5009fa65cca6d7998a5f348f7fe7f161","md5ext":"5009fa65cca6d7998a5f348f7fe7f161.svg","rotationCenterX":265.03375,"rotationCenterY":182},{"name":"Correct!","bitmapResolution":1,"dataFormat":"svg","assetId":"fda80a779b9eb10474df4674d974b9fa","md5ext":"fda80a779b9eb10474df4674d974b9fa.svg","rotationCenterX":258.03375000000005,"rotationCenterY":188}],"sounds":[{"name":"pop","assetId":"83a9787d4cb6f3b7632b4ddfebf74367","dataFormat":"wav","format":"","rate":48000,"sampleCount":1123,"md5ext":"83a9787d4cb6f3b7632b4ddfebf74367.wav"},{"name":"Wobble","assetId":"9913a64bfb5cfa6bb30ec24002cce56b","dataFormat":"wav","format":"adpcm","rate":22050,"sampleCount":40641,"md5ext":"9913a64bfb5cfa6bb30ec24002cce56b.wav"},{"name":"Coin","assetId":"1f81d88fb419084f4d82ffb859b94ed6","dataFormat":"wav","format":"adpcm","rate":22050,"sampleCount":4065,"md5ext":"1f81d88fb419084f4d82ffb859b94ed6.wav"},{"name":"Dance Snare Beat","assetId":"562587bdb75e3a8124cdaa46ba0f648b","dataFormat":"wav","format":"adpcm","rate":22050,"sampleCount":176785,"md5ext":"562587bdb75e3a8124cdaa46ba0f648b.wav"}],"volume":100,"visible":false,"x":493,"y":0,"size":100,"direction":90,"draggable":false,"rotationStyle":"all around"}