{"isStage":false,"name":"Enviroment","variables":{},"lists":{},"broadcasts":{},"blocks":{},"comments":{},"currentCostume":0,"costumes":[{"name":"climate","bitmapResolution":1,"dataFormat":"svg","assetId":"87002c182a6c422e6929f9b065a2af27","md5ext":"87002c182a6c422e6929f9b065a2af27.svg","rotationCenterX":124,"rotationCenterY":124}],"sounds":[{"name":"Pop","assetId":"83a9787d4cb6f3b7632b4ddfebf74367","dataFormat":"wav","rate":48000,"sampleCount":1123,"md5ext":"83a9787d4cb6f3b7632b4ddfebf74367.wav"}],"volume":50,"visible":false,"x":-100,"y":0,"size":30,"direction":90,"draggable":false,"rotationStyle":"all around"}