{"isStage":false,"name":"Guide","variables":{},"lists":{},"broadcasts":{},"blocks":{},"comments":{},"currentCostume":0,"costumes":[{"name":"'","bitmapResolution":2,"dataFormat":"png","assetId":"9d0686d1062706234cc18af5868af6f6","md5ext":"9d0686d1062706234cc18af5868af6f6.png","rotationCenterX":256,"rotationCenterY":256}],"sounds":[{"name":"Pop","assetId":"83a9787d4cb6f3b7632b4ddfebf74367","dataFormat":"wav","rate":48000,"sampleCount":1123,"md5ext":"83a9787d4cb6f3b7632b4ddfebf74367.wav"}],"volume":50,"visible":false,"x":-180,"y":-120,"size":30,"direction":90,"draggable":false,"rotationStyle":"all around"}