{"isStage":false,"name":"Quizziz","variables":{},"lists":{},"broadcasts":{},"blocks":{},"comments":{},"currentCostume":0,"costumes":[{"name":"superhero","bitmapResolution":2,"dataFormat":"png","assetId":"3292abef83ed2a42569aaaa5805e140f","md5ext":"3292abef83ed2a42569aaaa5805e140f.png","rotationCenterX":256,"rotationCenterY":256},{"name":"donatello","bitmapResolution":2,"dataFormat":"png","assetId":"71e51c3ab232b20ab0e6ffcdd0ba4629","md5ext":"71e51c3ab232b20ab0e6ffcdd0ba4629.png","rotationCenterX":256,"rotationCenterY":256}],"sounds":[{"name":"pop","assetId":"83a9787d4cb6f3b7632b4ddfebf74367","dataFormat":"wav","format":"","rate":48000,"sampleCount":1123,"md5ext":"83a9787d4cb6f3b7632b4ddfebf74367.wav"}],"volume":50,"visible":false,"x":-113.0000083287562,"y":-7,"size":30,"direction":90,"draggable":false,"rotationStyle":"all around"}