{"isStage":false,"name":"C","variables":{},"lists":{},"broadcasts":{},"blocks":{},"comments":{},"currentCostume":0,"costumes":[{"name":"C","bitmapResolution":1,"dataFormat":"svg","assetId":"f927c32f2f6c9bb344523ec00951fdf2","md5ext":"f927c32f2f6c9bb344523ec00951fdf2.svg","rotationCenterX":34.74666629508201,"rotationCenterY":35.65516500000001}],"sounds":[{"name":"pop","assetId":"83a9787d4cb6f3b7632b4ddfebf74367","dataFormat":"wav","format":"","rate":48000,"sampleCount":1123,"md5ext":"83a9787d4cb6f3b7632b4ddfebf74367.wav"}],"volume":100,"visible":false,"x":-180,"y":-65,"size":100,"direction":90,"draggable":false,"rotationStyle":"all around"}