{"isStage":false,"name":"Menu","variables":{},"lists":{},"broadcasts":{},"blocks":{},"comments":{},"currentCostume":0,"costumes":[{"name":"menu-bar","bitmapResolution":2,"dataFormat":"png","assetId":"0d66e635c3bcd7ac359c13e6a075fc42","md5ext":"0d66e635c3bcd7ac359c13e6a075fc42.png","rotationCenterX":256,"rotationCenterY":256}],"sounds":[{"name":"Pop","assetId":"83a9787d4cb6f3b7632b4ddfebf74367","dataFormat":"wav","rate":48000,"sampleCount":1123,"md5ext":"83a9787d4cb6f3b7632b4ddfebf74367.wav"}],"volume":50,"visible":false,"x":-180,"y":-120,"size":30,"direction":90,"draggable":false,"rotationStyle":"all around"}